id,String
0,http://db.uwaterloo.ca/~galuc/wsdbm/User0
1,http://schema.org/birthDate
2,"1988-09-24"
3,http://db.uwaterloo.ca/~galuc/wsdbm/userId
4,"9764726"
5,http://db.uwaterloo.ca/~galuc/wsdbm/User1
6,"2536508"
7,http://db.uwaterloo.ca/~galuc/wsdbm/User2
8,"5196173"
9,http://db.uwaterloo.ca/~galuc/wsdbm/Offer659
10,http://schema.org/eligibleRegion
11,http://db.uwaterloo.ca/~galuc/wsdbm/Country0
12,http://db.uwaterloo.ca/~galuc/wsdbm/Country137
13,http://db.uwaterloo.ca/~galuc/wsdbm/Offer6
14,http://db.uwaterloo.ca/~galuc/wsdbm/User3
15,"1995-12-23"
16,"2019349"
17,http://db.uwaterloo.ca/~galuc/wsdbm/User4
18,"1982-07-28"
19,"8378922"
20,http://db.uwaterloo.ca/~galuc/wsdbm/User5
21,"9279708"
22,http://db.uwaterloo.ca/~galuc/wsdbm/User6
23,"4432131"
24,http://db.uwaterloo.ca/~galuc/wsdbm/User7
25,"5345433"
26,http://db.uwaterloo.ca/~galuc/wsdbm/User8
27,"2351480"
28,http://db.uwaterloo.ca/~galuc/wsdbm/User9
29,"8256018"
30,http://db.uwaterloo.ca/~galuc/wsdbm/Offer9
31,http://db.uwaterloo.ca/~galuc/wsdbm/Country157
32,http://db.uwaterloo.ca/~galuc/wsdbm/Offer11
33,http://db.uwaterloo.ca/~galuc/wsdbm/User21
34,http://db.uwaterloo.ca/~galuc/wsdbm/likes
35,http://db.uwaterloo.ca/~galuc/wsdbm/Product0
36,http://db.uwaterloo.ca/~galuc/wsdbm/User73
37,http://schema.org/nationality
38,http://db.uwaterloo.ca/~galuc/wsdbm/Country3
39,http://db.uwaterloo.ca/~galuc/wsdbm/User71
40,http://db.uwaterloo.ca/~galuc/wsdbm/Country1
41,http://purl.org/dc/terms/Location
42,http://db.uwaterloo.ca/~galuc/wsdbm/City2
43,http://db.uwaterloo.ca/~galuc/wsdbm/City3
44,http://db.uwaterloo.ca/~galuc/wsdbm/User622
45,http://db.uwaterloo.ca/~galuc/wsdbm/Country169
46,http://db.uwaterloo.ca/~galuc/wsdbm/gender
47,http://db.uwaterloo.ca/~galuc/wsdbm/Gender1
